-- Inserting data into the "Szkola" database.

USE Szkola;

INSERT INTO Klasa (Nazwa, Profil, Rocznik, Sala) VALUES ('1A', 'humanistyczny', CONVERT(DATETIME, '01-09-2024', 104), '101A');
INSERT INTO Klasa (Nazwa, Profil, Rocznik, Sala) VALUES ('1B', 'matematyczno-fizyczny', CONVERT(DATETIME, '01-09-2024', 104), '202');
INSERT INTO Klasa (Nazwa, Profil, Rocznik, Sala) VALUES ('1C', 'przyrodniczy', CONVERT(DATETIME, '01-09-2024', 104), '303B');
INSERT INTO Klasa (Nazwa, Profil, Rocznik, Sala) VALUES ('2A', 'humanistyczny', CONVERT(DATETIME, '01-09-2023', 104), '104');
INSERT INTO Klasa (Nazwa, Profil, Rocznik, Sala) VALUES ('2B', 'matematyczno-fizyczny', CONVERT(DATETIME, '01-09-2023', 104), '205C');
INSERT INTO Klasa (Nazwa, Profil, Rocznik, Sala) VALUES ('2C', 'przyrodniczy', CONVERT(DATETIME, '01-09-2023', 104), '306');
INSERT INTO Klasa (Nazwa, Profil, Rocznik, Sala) VALUES ('3A', 'humanistyczny', CONVERT(DATETIME, '01-09-2022', 104), '107A');
INSERT INTO Klasa (Nazwa, Profil, Rocznik, Sala) VALUES ('3B', 'matematyczno-fizyczny', CONVERT(DATETIME, '01-09-2022', 104), '208');
INSERT INTO Klasa (Nazwa, Profil, Rocznik, Sala) VALUES ('3C', 'przyrodniczy', CONVERT(DATETIME, '01-09-2022', 104), '309B');

INSERT INTO Uczen (PESEL, Imie, Nazwisko, DataUrodzenia, Plec, Adres, Telefon, MiejsceUrodzenia, IDKlasy) VALUES ('95100513772', 'Anna', 'Kowalska', CONVERT(DATETIME, '05-11-2006', 104), 'K', 'ul. Wrocławska 12, 50-001 Wrocław', '+48677845181', 'Wrocław', (SELECT IDKlasy FROM Klasa WHERE Nazwa='3A'));
INSERT INTO Uczen (PESEL, Imie, Nazwisko, DataUrodzenia, Plec, Adres, Telefon, MiejsceUrodzenia, IDKlasy) VALUES ('27071138908', 'Jan', 'Nowak', CONVERT(DATETIME, '30-01-2006', 104), 'M', 'ul. Legnicka 45, 59-220 Legnica', '+48758473362', 'Legnica', (SELECT IDKlasy FROM Klasa WHERE Nazwa='3B'));
INSERT INTO Uczen (PESEL, Imie, Nazwisko, DataUrodzenia, Plec, Adres, Telefon, MiejsceUrodzenia, IDKlasy) VALUES ('55251149398', 'Maria', 'Wiśniewska', CONVERT(DATETIME, '07-04-2006', 104), 'K', 'ul. Świdnicka 8, 58-100 Świdnica', '+48830206397', 'Wałbrzych', (SELECT IDKlasy FROM Klasa WHERE Nazwa='3C'));
INSERT INTO Uczen (PESEL, Imie, Nazwisko, DataUrodzenia, Plec, Adres, Telefon, MiejsceUrodzenia, IDKlasy) VALUES ('77090426445', 'Tomasz', 'Zieliński', CONVERT(DATETIME, '09-04-2008', 104), 'M', 'ul. Górnicza 23, 59-300 Lubin', '+48545709671', 'Oleśnica', (SELECT IDKlasy FROM Klasa WHERE Nazwa='1A'));
INSERT INTO Uczen (PESEL, Imie, Nazwisko, DataUrodzenia, Plec, Adres, Telefon, MiejsceUrodzenia, IDKlasy) VALUES ('28041664087', 'Katarzyna', 'Wójcik', CONVERT(DATETIME, '17-08-2009', 104), 'K', 'ul. Nadodrzańska 18, 59-700 Bolesławiec', '+48662275340', 'Wrocław', (SELECT IDKlasy FROM Klasa WHERE Nazwa='1C'));
INSERT INTO Uczen (PESEL, Imie, Nazwisko, DataUrodzenia, Plec, Adres, Telefon, MiejsceUrodzenia, IDKlasy) VALUES ('81321155105', 'Piotr', 'Kaczmarek', CONVERT(DATETIME, '16-01-2006', 104), 'M', 'ul. Piłsudskiego 67, 58-200 Dzierżoniów', '+48602547320', 'Legnica', (SELECT IDKlasy FROM Klasa WHERE Nazwa='3A'));
INSERT INTO Uczen (PESEL, Imie, Nazwisko, DataUrodzenia, Plec, Adres, Telefon, MiejsceUrodzenia, IDKlasy) VALUES ('36052774600', 'Monika', 'Kamińska', CONVERT(DATETIME, '03-07-2008', 104), 'K', 'ul. Kasztanowa 4, 57-300 Kłodzko', '+48812798520', 'Wałbrzych', (SELECT IDKlasy FROM Klasa WHERE Nazwa='1B'));
INSERT INTO Uczen (PESEL, Imie, Nazwisko, DataUrodzenia, Plec, Adres, Telefon, MiejsceUrodzenia, IDKlasy) VALUES ('40091294887', 'Krzysztof', 'Piotrowski', CONVERT(DATETIME, '08-12-2009', 104), 'M', 'ul. Żeromskiego 32, 58-150 Strzegom', '+48807412401', 'Oleśnica', (SELECT IDKlasy FROM Klasa WHERE Nazwa='1B'));
INSERT INTO Uczen (PESEL, Imie, Nazwisko, DataUrodzenia, Plec, Adres, Telefon, MiejsceUrodzenia, IDKlasy) VALUES ('17011780131', 'Agnieszka', 'Dąbrowska', CONVERT(DATETIME, '14-11-2006', 104), 'K', 'ul. Kościelna 15, 58-250 Ząbkowice Śląskie', '+48868595535', 'Wrocław', (SELECT IDKlasy FROM Klasa WHERE Nazwa='3C'));
INSERT INTO Uczen (PESEL, Imie, Nazwisko, DataUrodzenia, Plec, Adres, Telefon, MiejsceUrodzenia, IDKlasy) VALUES ('49071936560', 'Michał', 'Lewandowski', CONVERT(DATETIME, '19-02-2009', 104), 'M', 'ul. Sienkiewicza 9, 59-400 Jawor', '+48898745879', 'Legnica', (SELECT IDKlasy FROM Klasa WHERE Nazwa='1A'));
INSERT INTO Uczen (PESEL, Imie, Nazwisko, DataUrodzenia, Plec, Adres, Telefon, MiejsceUrodzenia, IDKlasy) VALUES ('77021749003', 'Joanna', 'Szymańska', CONVERT(DATETIME, '20-04-2006', 104), 'K', 'ul. Dolna 6, 58-580 Szklarska Poręba', '+48826876313', 'Wałbrzych', (SELECT IDKlasy FROM Klasa WHERE Nazwa='3B'));
INSERT INTO Uczen (PESEL, Imie, Nazwisko, DataUrodzenia, Plec, Adres, Telefon, MiejsceUrodzenia, IDKlasy) VALUES ('73122063633', 'Mateusz', 'Zielonka', CONVERT(DATETIME, '07-08-2007', 104), 'M', 'ul. Kolejowa 28, 59-600 Lwówek Śląski', '+48735518332', 'Oleśnica', (SELECT IDKlasy FROM Klasa WHERE Nazwa='2A'));
INSERT INTO Uczen (PESEL, Imie, Nazwisko, DataUrodzenia, Plec, Adres, Telefon, MiejsceUrodzenia, IDKlasy) VALUES ('84120574524', 'Elżbieta', 'Stępień', CONVERT(DATETIME, '01-03-2008', 104), 'K', 'ul. Rynek 5, 58-500 Jelenia Góra', '+48667462638', 'Wrocław', (SELECT IDKlasy FROM Klasa WHERE Nazwa='2B'));
INSERT INTO Uczen (PESEL, Imie, Nazwisko, DataUrodzenia, Plec, Adres, Telefon, MiejsceUrodzenia, IDKlasy) VALUES ('51040496519', 'Damian', 'Majewski', CONVERT(DATETIME, '07-04-2007', 104), 'M', 'ul. Parkowa 14, 59-300 Polkowice', '+48518717203', 'Legnica', (SELECT IDKlasy FROM Klasa WHERE Nazwa='2A'));
INSERT INTO Uczen (PESEL, Imie, Nazwisko, DataUrodzenia, Plec, Adres, Telefon, MiejsceUrodzenia, IDKlasy) VALUES ('55081830880', 'Natalia', 'Górska', CONVERT(DATETIME, '10-10-2007', 104), 'K', 'ul. Słoneczna 22, 57-200 Ząbkowice Śląskie', '+48777637707', 'Wałbrzych', (SELECT IDKlasy FROM Klasa WHERE Nazwa='2A'));
INSERT INTO Uczen (PESEL, Imie, Nazwisko, DataUrodzenia, Plec, Adres, Telefon, MiejsceUrodzenia, IDKlasy) VALUES ('11102345722', 'Bartosz', 'Kalinowski', CONVERT(DATETIME, '15-11-2007', 104), 'M', 'ul. Mickiewicza 19, 58-260 Bielawa', '+48615384813', 'Oleśnica', (SELECT IDKlasy FROM Klasa WHERE Nazwa='2B'));
INSERT INTO Uczen (PESEL, Imie, Nazwisko, DataUrodzenia, Plec, Adres, Telefon, MiejsceUrodzenia, IDKlasy) VALUES ('68311265839', 'Zofia', 'Pawlak', CONVERT(DATETIME, '11-06-2006', 104), 'K', 'ul. Nowowiejska 3, 57-320 Polanica-Zdrój', '+48524770237', 'Wrocław', (SELECT IDKlasy FROM Klasa WHERE Nazwa='3A'));
INSERT INTO Uczen (PESEL, Imie, Nazwisko, DataUrodzenia, Plec, Adres, Telefon, MiejsceUrodzenia, IDKlasy) VALUES ('75233022958', 'Jakub', 'Adamczyk', CONVERT(DATETIME, '18-01-2009', 104), 'M', 'ul. Szkolna 10, 57-500 Bystrzyca Kłodzka', '+48794677636', 'Legnica', (SELECT IDKlasy FROM Klasa WHERE Nazwa='1C'));
INSERT INTO Uczen (PESEL, Imie, Nazwisko, DataUrodzenia, Plec, Adres, Telefon, MiejsceUrodzenia, IDKlasy) VALUES ('48291384708', 'Aleksandra', 'Kozłowska', CONVERT(DATETIME, '25-08-2007', 104), 'K', 'ul. Wolności 7, 59-300 Chocianów', '+48541732950', 'Wałbrzych', (SELECT IDKlasy FROM Klasa WHERE Nazwa='2C'));
INSERT INTO Uczen (PESEL, Imie, Nazwisko, DataUrodzenia, Plec, Adres, Telefon, MiejsceUrodzenia, IDKlasy) VALUES ('76121045136', 'Paweł', 'Jankowski', CONVERT(DATETIME, '29-10-2006', 104), 'M', 'ul. Łąkowa 11, 58-230 Niemcza', '+48701291495', 'Oleśnica', (SELECT IDKlasy FROM Klasa WHERE Nazwa='3B'));
INSERT INTO Uczen (PESEL, Imie, Nazwisko, DataUrodzenia, Plec, Adres, Telefon, MiejsceUrodzenia, IDKlasy) VALUES ('34040140633', 'Weronika', 'Nowicka', CONVERT(DATETIME, '16-06-2007', 104), 'K', 'ul. Powstańców 16, 59-700 Lubań', '+48587526259', 'Wrocław', (SELECT IDKlasy FROM Klasa WHERE Nazwa='2B'));
INSERT INTO Uczen (PESEL, Imie, Nazwisko, DataUrodzenia, Plec, Adres, Telefon, MiejsceUrodzenia, IDKlasy) VALUES ('15291823126', 'Adrian', 'Grabowski', CONVERT(DATETIME, '25-02-2006', 104), 'M', 'ul. Wodna 8, 57-330 Duszniki-Zdrój', '+48564164852', 'Legnica', (SELECT IDKlasy FROM Klasa WHERE Nazwa='3C'));
INSERT INTO Uczen (PESEL, Imie, Nazwisko, DataUrodzenia, Plec, Adres, Telefon, MiejsceUrodzenia, IDKlasy) VALUES ('76280271654', 'Małgorzata', 'Wojciechowska', CONVERT(DATETIME, '15-02-2008', 104), 'K', 'ul. Graniczna 24, 59-850 Zgorzelec', '+48533248818', 'Wałbrzych', (SELECT IDKlasy FROM Klasa WHERE Nazwa='2B'));
INSERT INTO Uczen (PESEL, Imie, Nazwisko, DataUrodzenia, Plec, Adres, Telefon, MiejsceUrodzenia, IDKlasy) VALUES ('77090665242', 'Marcin', 'Zawadzki', CONVERT(DATETIME, '22-02-2007', 104), 'M', 'ul. Kwiatowa 12, 57-420 Świeradów-Zdrój', '+48793409284', 'Oleśnica', (SELECT IDKlasy FROM Klasa WHERE Nazwa='2A'));
INSERT INTO Uczen (PESEL, Imie, Nazwisko, DataUrodzenia, Plec, Adres, Telefon, MiejsceUrodzenia, IDKlasy) VALUES ('55062818070', 'Kinga', 'Król', CONVERT(DATETIME, '27-04-2006', 104), 'K', 'ul. Wojska Polskiego 9, 59-100 Wołów', '+48771255166', 'Wrocław', (SELECT IDKlasy FROM Klasa WHERE Nazwa='3A'));
INSERT INTO Uczen (PESEL, Imie, Nazwisko, DataUrodzenia, Plec, Adres, Telefon, MiejsceUrodzenia, IDKlasy) VALUES ('81272592226', 'Dariusz', 'Ostrowski', CONVERT(DATETIME, '13-08-2006', 104), 'M', 'ul. Słowiańska 20, 57-350 Kudowa-Zdrój', '+48723468768', 'Legnica', (SELECT IDKlasy FROM Klasa WHERE Nazwa='3B'));
INSERT INTO Uczen (PESEL, Imie, Nazwisko, DataUrodzenia, Plec, Adres, Telefon, MiejsceUrodzenia, IDKlasy) VALUES ('62061792162', 'Emilia', 'Lis', CONVERT(DATETIME, '03-11-2007', 104), 'K', 'ul. Podgórna 15, 58-230 Sobótka', '+48533807790', 'Wałbrzych', (SELECT IDKlasy FROM Klasa WHERE Nazwa='2C'));
INSERT INTO Uczen (PESEL, Imie, Nazwisko, DataUrodzenia, Plec, Adres, Telefon, MiejsceUrodzenia, IDKlasy) VALUES ('13024327159', 'Łukasz', 'Baran', CONVERT(DATETIME, '28-12-2009', 104), 'M', 'ul. Chrobrego 18, 58-500 Kowary', '+48782822537', 'Oleśnica', (SELECT IDKlasy FROM Klasa WHERE Nazwa='1A'));
INSERT INTO Uczen (PESEL, Imie, Nazwisko, DataUrodzenia, Plec, Adres, Telefon, MiejsceUrodzenia, IDKlasy) VALUES ('79110527459', 'Sylwia', 'Walczak', CONVERT(DATETIME, '28-07-2009', 104), 'K', 'ul. Zamkowa 4, 57-540 Lądek-Zdrój', '+48677839552', 'Wrocław', (SELECT IDKlasy FROM Klasa WHERE Nazwa='1B'));
INSERT INTO Uczen (PESEL, Imie, Nazwisko, DataUrodzenia, Plec, Adres, Telefon, MiejsceUrodzenia, IDKlasy) VALUES ('25031489464', 'Emil', 'Kowalski', CONVERT(DATETIME, '07-07-2007', 104), 'M', 'ul. Ogrodowa 13, 58-400 Kamienna Góra', '+48588624622', 'Legnica', (SELECT IDKlasy FROM Klasa WHERE Nazwa='2B'));

INSERT INTO Nauczyciel (PESEL, Imie, Nazwisko, DataUrodzenia, Plec, Specjalizacja, Telefon, Adres, TytulNaukowy, DataZatrudnienia) VALUES ('81321155103', 'Andrzej', 'Kobel', CONVERT(DATETIME, '19-01-1990', 104), 'M', 'Historia', '+48884317133', 'ul. Piłsudskiego 67, 58-200 Dzierżoniów', 'dr', CONVERT(DATETIME, '01-09-2018', 104));
INSERT INTO Nauczyciel (PESEL, Imie, Nazwisko, DataUrodzenia, Plec, Specjalizacja, Telefon, Adres, TytulNaukowy, DataZatrudnienia) VALUES ('27071138908', 'Maurycy', 'Ceynowa', CONVERT(DATETIME, '22-03-1975', 104), 'M', 'Fizyka', '+48841675847', 'ul. Legnicka 45, 59-220 Legnica', 'mgr', CONVERT(DATETIME, '15-02-2010', 104));
INSERT INTO Nauczyciel (PESEL, Imie, Nazwisko, DataUrodzenia, Plec, Specjalizacja, Telefon, Adres, TytulNaukowy, DataZatrudnienia) VALUES ('55251149398', 'Natan', 'Malarczyk', CONVERT(DATETIME, '11-07-1988', 104), 'M', 'Chemia', '+48882547586', 'ul. Świdnicka 8, 58-100 Świdnica', 'prof', CONVERT(DATETIME, '20-11-2012', 104));
INSERT INTO Nauczyciel (PESEL, Imie, Nazwisko, DataUrodzenia, Plec, Specjalizacja, Telefon, Adres, TytulNaukowy, DataZatrudnienia) VALUES ('77090426445', 'Tymon', 'Gąbka', CONVERT(DATETIME, '14-09-1979', 104), 'M', 'Biologia', '+48621926391', 'ul. Górnicza 23, 59-300 Lubin', 'dr hab.', CONVERT(DATETIME, '30-06-2003', 104));
INSERT INTO Nauczyciel (PESEL, Imie, Nazwisko, DataUrodzenia, Plec, Specjalizacja, Telefon, Adres, TytulNaukowy, DataZatrudnienia) VALUES ('28041664087', 'Urszula', 'Matula', CONVERT(DATETIME, '09-04-1985', 104), 'K', 'Język polski', '+48776285745', 'ul. Nadodrzańska 18, 59-700 Bolesławiec', 'inż.', CONVERT(DATETIME, '12-04-2015', 104));
INSERT INTO Nauczyciel (PESEL, Imie, Nazwisko, DataUrodzenia, Plec, Specjalizacja, Telefon, Adres, TytulNaukowy, DataZatrudnienia) VALUES ('81321155104', 'Kazimierz', 'Kobel', CONVERT(DATETIME, '19-01-1990', 104), 'M', 'Historia', '+48884317133', 'ul. Piłsudskiego 67, 58-200 Dzierżoniów', 'dr', CONVERT(DATETIME, '01-09-2018', 104));
INSERT INTO Nauczyciel (PESEL, Imie, Nazwisko, DataUrodzenia, Plec, Specjalizacja, Telefon, Adres, TytulNaukowy, DataZatrudnienia) VALUES ('36052774600', 'Nela', 'Przerwa', CONVERT(DATETIME, '05-06-1983', 104), 'K', 'Geografia', '+48723273278', 'ul. Kasztanowa 4, 57-300 Kłodzko', 'mgr', CONVERT(DATETIME, '18-08-2010', 104));
INSERT INTO Nauczyciel (PESEL, Imie, Nazwisko, DataUrodzenia, Plec, Specjalizacja, Telefon, Adres, TytulNaukowy, DataZatrudnienia) VALUES ('40091294887', 'Melania', 'Krauz', CONVERT(DATETIME, '17-02-1981', 104), 'K', 'Informatyka', '+48814633960', 'ul. Żeromskiego 32, 58-150 Strzegom', 'dr hab.', CONVERT(DATETIME, '25-03-2006', 104));
INSERT INTO Nauczyciel (PESEL, Imie, Nazwisko, DataUrodzenia, Plec, Specjalizacja, Telefon, Adres, TytulNaukowy, DataZatrudnienia) VALUES ('17011780131', 'Kajetan', 'Fronczek', CONVERT(DATETIME, '08-12-1992', 104), 'M', 'WOS', '+48543673956', 'ul. Kościelna 15, 58-250 Ząbkowice Śląskie', 'prof', CONVERT(DATETIME, '10-01-2019', 104));
INSERT INTO Nauczyciel (PESEL, Imie, Nazwisko, DataUrodzenia, Plec, Specjalizacja, Telefon, Adres, TytulNaukowy, DataZatrudnienia) VALUES ('49071936560', 'Janina', 'Ochab', CONVERT(DATETIME, '11-09-1978', 104), 'K', 'Język angielski', '+48818848611', 'ul. Sienkiewicza 9, 59-400 Jawor', 'mgr', CONVERT(DATETIME, '07-10-2000', 104));
INSERT INTO Nauczyciel (PESEL, Imie, Nazwisko, DataUrodzenia, Plec, Specjalizacja, Telefon, Adres, TytulNaukowy, DataZatrudnienia) VALUES ('77021749003', 'Natasza', 'Naglik', CONVERT(DATETIME, '06-07-1986', 104), 'K', 'Plastyka', '+48740169864', 'ul. Dolna 6, 58-580 Szklarska Poręba', 'dr', CONVERT(DATETIME, '20-04-2012', 104));
INSERT INTO Nauczyciel (PESEL, Imie, Nazwisko, DataUrodzenia, Plec, Specjalizacja, Telefon, Adres, TytulNaukowy, DataZatrudnienia) VALUES ('73122063633', 'Piotr', 'Olesiejuk', CONVERT(DATETIME, '25-05-1976', 104), 'M', 'Muzyka', '+48529384586', 'ul. Kolejowa 28, 59-600 Lwówek Śląski', 'inż.', CONVERT(DATETIME, '15-07-2002', 104));
INSERT INTO Nauczyciel (PESEL, Imie, Nazwisko, DataUrodzenia, Plec, Specjalizacja, Telefon, Adres, TytulNaukowy, DataZatrudnienia) VALUES ('84120574524', 'Olgierd', 'Strzała', CONVERT(DATETIME, '13-10-1984', 104), 'M', 'Religia', '+48804947137', 'ul. Rynek 5, 58-500 Jelenia Góra', 'mgr', CONVERT(DATETIME, '12-03-2014', 104));
INSERT INTO Nauczyciel (PESEL, Imie, Nazwisko, DataUrodzenia, Plec, Specjalizacja, Telefon, Adres, TytulNaukowy, DataZatrudnienia) VALUES ('51040496519', 'Nela', 'Okła', CONVERT(DATETIME, '19-03-1982', 104), 'K', 'EDB', '+48527146659', 'ul. Parkowa 14, 59-300 Polkowice', 'dr hab.', CONVERT(DATETIME, '01-05-2008', 104));
INSERT INTO Nauczyciel (PESEL, Imie, Nazwisko, DataUrodzenia, Plec, Specjalizacja, Telefon, Adres, TytulNaukowy, DataZatrudnienia) VALUES ('55081830880', 'Sebastian', 'Krępa', CONVERT(DATETIME, '30-06-1993', 104), 'M', 'WF', '+48592292152', 'ul. Słoneczna 22, 57-200 Ząbkowice Śląskie', 'prof', CONVERT(DATETIME, '12-12-2020', 104));
INSERT INTO Nauczyciel (PESEL, Imie, Nazwisko, DataUrodzenia, Plec, Specjalizacja, Telefon, Adres, TytulNaukowy, DataZatrudnienia) VALUES ('11102345722', 'Adam', 'Pyszczek', CONVERT(DATETIME, '03-04-1991', 104), 'M', 'Matematyka', '+48837355855', 'ul. Mickiewicza 19, 58-260 Bielawa', 'dr', CONVERT(DATETIME, '18-11-2017', 104));
INSERT INTO Nauczyciel (PESEL, Imie, Nazwisko, DataUrodzenia, Plec, Specjalizacja, Telefon, Adres, TytulNaukowy, DataZatrudnienia) VALUES ('68311265839', 'Ignacy', 'Pietryga', CONVERT(DATETIME, '29-08-1988', 104), 'M', 'Fizyka', '+48790528288', 'ul. Nowowiejska 3, 57-320 Polanica-Zdrój', 'mgr', CONVERT(DATETIME, '07-09-2015', 104));
INSERT INTO Nauczyciel (PESEL, Imie, Nazwisko, DataUrodzenia, Plec, Specjalizacja, Telefon, Adres, TytulNaukowy, DataZatrudnienia) VALUES ('75233022958', 'Iwo', 'Melka', CONVERT(DATETIME, '20-02-1985', 104), 'M', 'Chemia', '+48859382145', 'ul. Szkolna 10, 57-500 Bystrzyca Kłodzka', 'dr hab.', CONVERT(DATETIME, '22-06-2013', 104));
INSERT INTO Nauczyciel (PESEL, Imie, Nazwisko, DataUrodzenia, Plec, Specjalizacja, Telefon, Adres, TytulNaukowy, DataZatrudnienia) VALUES ('48291384708', 'Ada', 'Grzech', CONVERT(DATETIME, '08-09-1990', 104), 'K', 'Biologia', '+48770720731', 'ul. Wolności 7, 59-300 Chocianów', 'prof', CONVERT(DATETIME, '30-08-2018', 104));
INSERT INTO Nauczyciel (PESEL, Imie, Nazwisko, DataUrodzenia, Plec, Specjalizacja, Telefon, Adres, TytulNaukowy, DataZatrudnienia) VALUES ('76121045136', 'Karol', 'Parkitna', CONVERT(DATETIME, '24-01-1982', 104), 'M', 'Język polski', '+48604543698', 'ul. Łąkowa 11, 58-230 Niemcza', 'dr', CONVERT(DATETIME, '14-02-2007', 104));
INSERT INTO Nauczyciel (PESEL, Imie, Nazwisko, DataUrodzenia, Plec, Specjalizacja, Telefon, Adres, TytulNaukowy, DataZatrudnienia) VALUES ('34040140633', 'Oskar', 'Sapeta', CONVERT(DATETIME, '12-05-1992', 104), 'M', 'Historia', '+48739903148', 'ul. Powstańców 16, 59-700 Lubań', 'mgr', CONVERT(DATETIME, '17-06-2019', 104));
INSERT INTO Nauczyciel (PESEL, Imie, Nazwisko, DataUrodzenia, Plec, Specjalizacja, Telefon, Adres, TytulNaukowy, DataZatrudnienia) VALUES ('15291823126', 'Olga', 'Bartoś', CONVERT(DATETIME, '19-08-1987', 104), 'K', 'Geografia', '+48833425539', 'ul. Wodna 8, 57-330 Duszniki-Zdrój', 'dr hab.', CONVERT(DATETIME, '12-09-2011', 104));
INSERT INTO Nauczyciel (PESEL, Imie, Nazwisko, DataUrodzenia, Plec, Specjalizacja, Telefon, Adres, TytulNaukowy, DataZatrudnienia) VALUES ('76280271654', 'Daniel', 'Pawliszyn', CONVERT(DATETIME, '11-04-1979', 104), 'M', 'Informatyka', '+48877450310', 'ul. Graniczna 24, 59-850 Zgorzelec', 'prof', CONVERT(DATETIME, '30-11-2005', 104));
INSERT INTO Nauczyciel (PESEL, Imie, Nazwisko, DataUrodzenia, Plec, Specjalizacja, Telefon, Adres, TytulNaukowy, DataZatrudnienia) VALUES ('77090665242', 'Borys', 'Gwara', CONVERT(DATETIME, '09-03-1984', 104), 'M', 'WOS', '+48655703196', 'ul. Kwiatowa 12, 57-420 Świeradów-Zdrój', 'mgr', CONVERT(DATETIME, '25-05-2008', 104));
INSERT INTO Nauczyciel (PESEL, Imie, Nazwisko, DataUrodzenia, Plec, Specjalizacja, Telefon, Adres, TytulNaukowy, DataZatrudnienia) VALUES ('55062818070', 'Natan', 'Poniedziałek', CONVERT(DATETIME, '27-07-1990', 104), 'M', 'Język angielski', '+48858544417', 'ul. Wojska Polskiego 9, 59-100 Wołów', 'dr', CONVERT(DATETIME, '18-04-2016', 104));
INSERT INTO Nauczyciel (PESEL, Imie, Nazwisko, DataUrodzenia, Plec, Specjalizacja, Telefon, Adres, TytulNaukowy, DataZatrudnienia) VALUES ('81272592226', 'Marcel', 'Koźlak', CONVERT(DATETIME, '01-11-1985', 104), 'M', 'Plastyka', '+48633452781', 'ul. Słowiańska 20, 57-350 Kudowa-Zdrój', 'inż.', CONVERT(DATETIME, '22-03-2013', 104));
INSERT INTO Nauczyciel (PESEL, Imie, Nazwisko, DataUrodzenia, Plec, Specjalizacja, Telefon, Adres, TytulNaukowy, DataZatrudnienia) VALUES ('62061792162', 'Dorota', 'Malcherek', CONVERT(DATETIME, '17-06-1988', 104), 'K', 'Muzyka', '+48675407730', 'ul. Podgórna 15, 58-230 Sobótka', 'mgr', CONVERT(DATETIME, '08-02-2014', 104));
INSERT INTO Nauczyciel (PESEL, Imie, Nazwisko, DataUrodzenia, Plec, Specjalizacja, Telefon, Adres, TytulNaukowy, DataZatrudnienia) VALUES ('13024327139', 'Monika', 'Florian', CONVERT(DATETIME, '06-05-1983', 104), 'K', 'Religia', '+48600701489', 'ul. Chrobrego 18, 58-500 Kowary', 'dr hab.', CONVERT(DATETIME, '15-09-2008', 104));
INSERT INTO Nauczyciel (PESEL, Imie, Nazwisko, DataUrodzenia, Plec, Specjalizacja, Telefon, Adres, TytulNaukowy, DataZatrudnienia) VALUES ('79110527459', 'Arkadiusz', 'Łasak', CONVERT(DATETIME, '13-01-1992', 104), 'M', 'EDB', '+48871237920', 'ul. Zamkowa 4, 57-540 Lądek-Zdrój', 'prof', CONVERT(DATETIME, '01-10-2019', 104));
INSERT INTO Nauczyciel (PESEL, Imie, Nazwisko, DataUrodzenia, Plec, Specjalizacja, Telefon, Adres, TytulNaukowy, DataZatrudnienia) VALUES ('25031489464', 'Konrad', 'Wykręt', CONVERT(DATETIME, '18-12-1977', 104), 'M', 'WF', '+48595168783', 'ul. Ogrodowa 13, 58-400 Kamienna Góra', 'dr', CONVERT(DATETIME, '10-11-2002', 104));

INSERT INTO Przedmiot (Nazwa, Dziedzina, Wymagania, Zakres, LiczbaGodzin) VALUES ('Matematyka', 'Nauki ścisłe', 'Podręcznik, kalkulator', 'Liczby, funkcje, geometria', 120);
INSERT INTO Przedmiot (Nazwa, Dziedzina, Wymagania, Zakres, LiczbaGodzin) VALUES ('Fizyka', 'Nauki ścisłe', 'Podręcznik, zeszyt ćwiczeń', 'Mechanika, optyka, termodynamika', 100);
INSERT INTO Przedmiot (Nazwa, Dziedzina, Wymagania, Zakres, LiczbaGodzin) VALUES ('Chemia', 'Nauki ścisłe', 'Zeszyt, tablica chemiczna', 'Chemia organiczna, reakcje chemiczne', 90);
INSERT INTO Przedmiot (Nazwa, Dziedzina, Wymagania, Zakres, LiczbaGodzin) VALUES ('Biologia', 'Nauki przyrodnicze', 'Podręcznik, notatnik', 'Anatomia, genetyka, ekologia', 80);
INSERT INTO Przedmiot (Nazwa, Dziedzina, Wymagania, Zakres, LiczbaGodzin) VALUES ('Język polski', 'Humanistyczna', 'Podręcznik, lektury', 'Literatura, gramatyka, ortografia', 150);
INSERT INTO Przedmiot (Nazwa, Dziedzina, Wymagania, Zakres, LiczbaGodzin) VALUES ('Historia', 'Humanistyczna', 'Atlas historyczny, podręcznik', 'Starożytność, średniowiecze, nowożytność', 110);
INSERT INTO Przedmiot (Nazwa, Dziedzina, Wymagania, Zakres, LiczbaGodzin) VALUES ('Geografia', 'Nauki przyrodnicze', 'Mapa, zeszyt ćwiczeń', 'Kontynenty, klimat, geologia', 100);
INSERT INTO Przedmiot (Nazwa, Dziedzina, Wymagania, Zakres, LiczbaGodzin) VALUES ('Informatyka', 'Nauki techniczne', 'Komputer, oprogramowanie', 'Programowanie, MS Office, bazy danych', 90);
INSERT INTO Przedmiot (Nazwa, Dziedzina, Wymagania, Zakres, LiczbaGodzin) VALUES ('WOS', 'Humanistyczna', 'Podręcznik', 'Polityka, społeczeństwo, prawa człowieka', 80);
INSERT INTO Przedmiot (Nazwa, Dziedzina, Wymagania, Zakres, LiczbaGodzin) VALUES ('Język angielski', 'Języki obce', 'Słownik, podręcznik', 'Gramatyka, słownictwo, mówienie', 130);
INSERT INTO Przedmiot (Nazwa, Dziedzina, Wymagania, Zakres, LiczbaGodzin) VALUES ('Plastyka', 'Sztuka', 'Farby, pędzle, blok rysunkowy', 'Techniki malarskie, rzeźba, kompozycja', 60);
INSERT INTO Przedmiot (Nazwa, Dziedzina, Wymagania, Zakres, LiczbaGodzin) VALUES ('Muzyka', 'Sztuka', 'Podręcznik, instrument muzyczny', 'Teoria muzyki, gra na instrumentach, historia muzyki', 50);
INSERT INTO Przedmiot (Nazwa, Dziedzina, Wymagania, Zakres, LiczbaGodzin) VALUES ('Religia', 'Humanistyczna', 'Pismo Święte, zeszyt', 'Nauki etyczne, historia religii, duchowość', 40);
INSERT INTO Przedmiot (Nazwa, Dziedzina, Wymagania, Zakres, LiczbaGodzin) VALUES ('EDB', 'Nauki społeczne', 'Zeszyt, podręcznik', 'Pierwsza pomoc, sytuacje kryzysowe, ochrona ludności', 70);
INSERT INTO Przedmiot (Nazwa, Dziedzina, Wymagania, Zakres, LiczbaGodzin) VALUES ('WF', 'Nauki społeczne', 'Strój sportowy', 'Gimnastyka, gry zespołowe, lekkoatletyka', 200);

INSERT INTO Lekcja (Temat, Data, Sala, CzasTrwania, IDKlasy, PESELNauczyciela, IDPrzedmiotu) VALUES ('Rozwiązywanie równań kwadratowych', CONVERT(DATETIME, '02-01-2025 09:30', 104), '101A', 45, (SELECT IDKlasy FROM Klasa WHERE Nazwa='1A'), '11102345722', (SELECT IDPrzedmiotu FROM Przedmiot WHERE Nazwa='Matematyka'));
INSERT INTO Lekcja (Temat, Data, Sala, CzasTrwania, IDKlasy, PESELNauczyciela, IDPrzedmiotu) VALUES ('Zasady dynamiki Newtona', CONVERT(DATETIME, '03-01-2025 15:30', 104), '202', 45, (SELECT IDKlasy FROM Klasa WHERE Nazwa='1B'), '27071138908', (SELECT IDPrzedmiotu FROM Przedmiot WHERE Nazwa='Fizyka'));
INSERT INTO Lekcja (Temat, Data, Sala, CzasTrwania, IDKlasy, PESELNauczyciela, IDPrzedmiotu) VALUES ('Budowa atomu i układ okresowy pierwiastków', CONVERT(DATETIME, '03-01-2025 15:30', 104), '303B', 45, (SELECT IDKlasy FROM Klasa WHERE Nazwa='1C'), '55251149398', (SELECT IDPrzedmiotu FROM Przedmiot WHERE Nazwa='Chemia'));
INSERT INTO Lekcja (Temat, Data, Sala, CzasTrwania, IDKlasy, PESELNauczyciela, IDPrzedmiotu) VALUES ('Budowa komórki roślinnej i zwierzęcej', CONVERT(DATETIME, '02-01-2025 13:45', 104), '104', 45, (SELECT IDKlasy FROM Klasa WHERE Nazwa='2A'), '77090426445', (SELECT IDPrzedmiotu FROM Przedmiot WHERE Nazwa='Biologia'));
INSERT INTO Lekcja (Temat, Data, Sala, CzasTrwania, IDKlasy, PESELNauczyciela, IDPrzedmiotu) VALUES ('Analiza Pana Tadeusza', CONVERT(DATETIME, '01-01-2025 12:30', 104), '205C', 45, (SELECT IDKlasy FROM Klasa WHERE Nazwa='2B'), '28041664087', (SELECT IDPrzedmiotu FROM Przedmiot WHERE Nazwa='Język polski'));
INSERT INTO Lekcja (Temat, Data, Sala, CzasTrwania, IDKlasy, PESELNauczyciela, IDPrzedmiotu) VALUES ('Przyczyny i skutki I wojny światowej', CONVERT(DATETIME, '02-01-2025 14:30', 104), '306', 45, (SELECT IDKlasy FROM Klasa WHERE Nazwa='2C'), '81321155103', (SELECT IDPrzedmiotu FROM Przedmiot WHERE Nazwa='Historia'));
INSERT INTO Lekcja (Temat, Data, Sala, CzasTrwania, IDKlasy, PESELNauczyciela, IDPrzedmiotu) VALUES ('Klimaty świata – strefy klimatyczne', CONVERT(DATETIME, '03-01-2025 10:00', 104), '107A', 45, (SELECT IDKlasy FROM Klasa WHERE Nazwa='3A'), '36052774600', (SELECT IDPrzedmiotu FROM Przedmiot WHERE Nazwa='Geografia'));
INSERT INTO Lekcja (Temat, Data, Sala, CzasTrwania, IDKlasy, PESELNauczyciela, IDPrzedmiotu) VALUES ('Podstawy programowania w Pythonie', CONVERT(DATETIME, '04-01-2025 10:45', 104), '208', 45, (SELECT IDKlasy FROM Klasa WHERE Nazwa='3B'), '40091294887', (SELECT IDPrzedmiotu FROM Przedmiot WHERE Nazwa='Informatyka'));
INSERT INTO Lekcja (Temat, Data, Sala, CzasTrwania, IDKlasy, PESELNauczyciela, IDPrzedmiotu) VALUES ('Rola konstytucji w państwie demokratycznym', CONVERT(DATETIME, '01-01-2025 15:00', 104), '309B', 45, (SELECT IDKlasy FROM Klasa WHERE Nazwa='3C'), '17011780131', (SELECT IDPrzedmiotu FROM Przedmiot WHERE Nazwa='WOS'));
INSERT INTO Lekcja (Temat, Data, Sala, CzasTrwania, IDKlasy, PESELNauczyciela, IDPrzedmiotu) VALUES ('Czasy przeszłe – Past Simple i Past Continuous', CONVERT(DATETIME, '02-01-2025 08:45', 104), '101A', 45, (SELECT IDKlasy FROM Klasa WHERE Nazwa='1A'), '49071936560', (SELECT IDPrzedmiotu FROM Przedmiot WHERE Nazwa='Język angielski'));
INSERT INTO Lekcja (Temat, Data, Sala, CzasTrwania, IDKlasy, PESELNauczyciela, IDPrzedmiotu) VALUES ('Techniki akwarelowe – wprowadzenie', CONVERT(DATETIME, '03-01-2025 12:30', 104), '202', 45, (SELECT IDKlasy FROM Klasa WHERE Nazwa='1B'), '77021749003', (SELECT IDPrzedmiotu FROM Przedmiot WHERE Nazwa='Plastyka'));
INSERT INTO Lekcja (Temat, Data, Sala, CzasTrwania, IDKlasy, PESELNauczyciela, IDPrzedmiotu) VALUES ('Historia muzyki baroku', CONVERT(DATETIME, '02-01-2025 16:30', 104), '303B', 45, (SELECT IDKlasy FROM Klasa WHERE Nazwa='1C'), '73122063633', (SELECT IDPrzedmiotu FROM Przedmiot WHERE Nazwa='Muzyka'));
INSERT INTO Lekcja (Temat, Data, Sala, CzasTrwania, IDKlasy, PESELNauczyciela, IDPrzedmiotu) VALUES ('Historia chrześcijaństwa w Polsce', CONVERT(DATETIME, '04-01-2025 08:45', 104), '104', 45, (SELECT IDKlasy FROM Klasa WHERE Nazwa='2A'), '84120574524', (SELECT IDPrzedmiotu FROM Przedmiot WHERE Nazwa='Religia'));
INSERT INTO Lekcja (Temat, Data, Sala, CzasTrwania, IDKlasy, PESELNauczyciela, IDPrzedmiotu) VALUES ('Zasady udzielania pierwszej pomocy', CONVERT(DATETIME, '01-01-2025 12:45', 104), '205C', 45, (SELECT IDKlasy FROM Klasa WHERE Nazwa='2B'), '51040496519', (SELECT IDPrzedmiotu FROM Przedmiot WHERE Nazwa='EDB'));
INSERT INTO Lekcja (Temat, Data, Sala, CzasTrwania, IDKlasy, PESELNauczyciela, IDPrzedmiotu) VALUES ('Nauka gry w siatkówkę – podstawy odbić', CONVERT(DATETIME, '04-01-2025 15:30', 104), '306', 45, (SELECT IDKlasy FROM Klasa WHERE Nazwa='2C'), '55081830880', (SELECT IDPrzedmiotu FROM Przedmiot WHERE Nazwa='WF'));
INSERT INTO Lekcja (Temat, Data, Sala, CzasTrwania, IDKlasy, PESELNauczyciela, IDPrzedmiotu) VALUES ('Logarytmy i ich zastosowanie', CONVERT(DATETIME, '02-01-2025 13:45', 104), '107A', 45, (SELECT IDKlasy FROM Klasa WHERE Nazwa='3A'), '11102345722', (SELECT IDPrzedmiotu FROM Przedmiot WHERE Nazwa='Matematyka'));
INSERT INTO Lekcja (Temat, Data, Sala, CzasTrwania, IDKlasy, PESELNauczyciela, IDPrzedmiotu) VALUES ('Energia kinetyczna i potencjalna', CONVERT(DATETIME, '03-01-2025 15:00', 104), '208', 45, (SELECT IDKlasy FROM Klasa WHERE Nazwa='3B'), '68311265839', (SELECT IDPrzedmiotu FROM Przedmiot WHERE Nazwa='Fizyka'));
INSERT INTO Lekcja (Temat, Data, Sala, CzasTrwania, IDKlasy, PESELNauczyciela, IDPrzedmiotu) VALUES ('Reakcje chemiczne i ich rodzaje', CONVERT(DATETIME, '03-01-2025 12:45', 104), '309B', 45, (SELECT IDKlasy FROM Klasa WHERE Nazwa='3C'), '75233022958', (SELECT IDPrzedmiotu FROM Przedmiot WHERE Nazwa='Chemia'));
INSERT INTO Lekcja (Temat, Data, Sala, CzasTrwania, IDKlasy, PESELNauczyciela, IDPrzedmiotu) VALUES ('Fotosynteza i oddychanie komórkowe', CONVERT(DATETIME, '02-01-2025 15:45', 104), '101A', 45, (SELECT IDKlasy FROM Klasa WHERE Nazwa='1A'), '48291384708', (SELECT IDPrzedmiotu FROM Przedmiot WHERE Nazwa='Biologia'));
INSERT INTO Lekcja (Temat, Data, Sala, CzasTrwania, IDKlasy, PESELNauczyciela, IDPrzedmiotu) VALUES ('Analiza Lalki Bolesława Prusa', CONVERT(DATETIME, '04-01-2025 16:30', 104), '202', 45, (SELECT IDKlasy FROM Klasa WHERE Nazwa='1B'), '76121045136', (SELECT IDPrzedmiotu FROM Przedmiot WHERE Nazwa='Język polski'));
INSERT INTO Lekcja (Temat, Data, Sala, CzasTrwania, IDKlasy, PESELNauczyciela, IDPrzedmiotu) VALUES ('Wielkie odkrycia geograficzne', CONVERT(DATETIME, '01-01-2025 17:15', 104), '303B', 45, (SELECT IDKlasy FROM Klasa WHERE Nazwa='1C'), '34040140633', (SELECT IDPrzedmiotu FROM Przedmiot WHERE Nazwa='Historia'));
INSERT INTO Lekcja (Temat, Data, Sala, CzasTrwania, IDKlasy, PESELNauczyciela, IDPrzedmiotu) VALUES ('Ukształtowanie powierzchni Ziemi', CONVERT(DATETIME, '02-01-2025 08:30', 104), '104', 45, (SELECT IDKlasy FROM Klasa WHERE Nazwa='2A'), '15291823126', (SELECT IDPrzedmiotu FROM Przedmiot WHERE Nazwa='Geografia'));
INSERT INTO Lekcja (Temat, Data, Sala, CzasTrwania, IDKlasy, PESELNauczyciela, IDPrzedmiotu) VALUES ('Tworzenie stron internetowych w HTML', CONVERT(DATETIME, '01-01-2025 16:30', 104), '205C', 45, (SELECT IDKlasy FROM Klasa WHERE Nazwa='2B'), '76280271654', (SELECT IDPrzedmiotu FROM Przedmiot WHERE Nazwa='Informatyka'));
INSERT INTO Lekcja (Temat, Data, Sala, CzasTrwania, IDKlasy, PESELNauczyciela, IDPrzedmiotu) VALUES ('Proces wyborczy w Polsce', CONVERT(DATETIME, '01-01-2025 11:30', 104), '306', 45, (SELECT IDKlasy FROM Klasa WHERE Nazwa='2C'), '77090665242', (SELECT IDPrzedmiotu FROM Przedmiot WHERE Nazwa='WOS'));
INSERT INTO Lekcja (Temat, Data, Sala, CzasTrwania, IDKlasy, PESELNauczyciela, IDPrzedmiotu) VALUES ('Wyrażanie przyszłości – Future Simple i Going to', CONVERT(DATETIME, '02-01-2025 16:00', 104), '107A', 45, (SELECT IDKlasy FROM Klasa WHERE Nazwa='3A'), '55062818070', (SELECT IDPrzedmiotu FROM Przedmiot WHERE Nazwa='Język angielski'));
INSERT INTO Lekcja (Temat, Data, Sala, CzasTrwania, IDKlasy, PESELNauczyciela, IDPrzedmiotu) VALUES ('Rzeźba w glinie – wprowadzenie', CONVERT(DATETIME, '04-01-2025 09:45', 104), '208', 45, (SELECT IDKlasy FROM Klasa WHERE Nazwa='3B'), '81272592226', (SELECT IDPrzedmiotu FROM Przedmiot WHERE Nazwa='Plastyka'));
INSERT INTO Lekcja (Temat, Data, Sala, CzasTrwania, IDKlasy, PESELNauczyciela, IDPrzedmiotu) VALUES ('Kompozycja w muzyce klasycznej', CONVERT(DATETIME, '01-01-2025 09:15', 104), '309B', 45, (SELECT IDKlasy FROM Klasa WHERE Nazwa='3C'), '62061792162', (SELECT IDPrzedmiotu FROM Przedmiot WHERE Nazwa='Muzyka'));
INSERT INTO Lekcja (Temat, Data, Sala, CzasTrwania, IDKlasy, PESELNauczyciela, IDPrzedmiotu) VALUES ('Sakramenty w Kościele katolickim', CONVERT(DATETIME, '04-01-2025 15:30', 104), '101A', 45, (SELECT IDKlasy FROM Klasa WHERE Nazwa='1A'), '13024327139', (SELECT IDPrzedmiotu FROM Przedmiot WHERE Nazwa='Religia'));
INSERT INTO Lekcja (Temat, Data, Sala, CzasTrwania, IDKlasy, PESELNauczyciela, IDPrzedmiotu) VALUES ('Zasady bezpieczeństwa podczas pożaru', CONVERT(DATETIME, '02-01-2025 15:45', 104), '202', 45, (SELECT IDKlasy FROM Klasa WHERE Nazwa='1B'), '79110527459', (SELECT IDPrzedmiotu FROM Przedmiot WHERE Nazwa='EDB'));
INSERT INTO Lekcja (Temat, Data, Sala, CzasTrwania, IDKlasy, PESELNauczyciela, IDPrzedmiotu) VALUES ('Nauka skoku wzwyż – podstawy techniki', CONVERT(DATETIME, '02-01-2025 09:30', 104), '303B', 45, (SELECT IDKlasy FROM Klasa WHERE Nazwa='1C'), '25031489464', (SELECT IDPrzedmiotu FROM Przedmiot WHERE Nazwa='WF'));

INSERT INTO NauczycielKlasa (PESELNauczyciela, IDKlasy) VALUES ('11102345722', (SELECT IDKlasy FROM Klasa WHERE Nazwa='1A'));
INSERT INTO NauczycielKlasa (PESELNauczyciela, IDKlasy) VALUES ('27071138908', (SELECT IDKlasy FROM Klasa WHERE Nazwa='1B'));
INSERT INTO NauczycielKlasa (PESELNauczyciela, IDKlasy) VALUES ('55251149398', (SELECT IDKlasy FROM Klasa WHERE Nazwa='1C'));
INSERT INTO NauczycielKlasa (PESELNauczyciela, IDKlasy) VALUES ('77090426445', (SELECT IDKlasy FROM Klasa WHERE Nazwa='2A'));
INSERT INTO NauczycielKlasa (PESELNauczyciela, IDKlasy) VALUES ('28041664087', (SELECT IDKlasy FROM Klasa WHERE Nazwa='2B'));
INSERT INTO NauczycielKlasa (PESELNauczyciela, IDKlasy) VALUES ('81321155103', (SELECT IDKlasy FROM Klasa WHERE Nazwa='2C'));
INSERT INTO NauczycielKlasa (PESELNauczyciela, IDKlasy) VALUES ('36052774600', (SELECT IDKlasy FROM Klasa WHERE Nazwa='3A'));
INSERT INTO NauczycielKlasa (PESELNauczyciela, IDKlasy) VALUES ('40091294887', (SELECT IDKlasy FROM Klasa WHERE Nazwa='3B'));
INSERT INTO NauczycielKlasa (PESELNauczyciela, IDKlasy) VALUES ('17011780131', (SELECT IDKlasy FROM Klasa WHERE Nazwa='3C'));
INSERT INTO NauczycielKlasa (PESELNauczyciela, IDKlasy) VALUES ('49071936560', (SELECT IDKlasy FROM Klasa WHERE Nazwa='1A'));
INSERT INTO NauczycielKlasa (PESELNauczyciela, IDKlasy) VALUES ('77021749003', (SELECT IDKlasy FROM Klasa WHERE Nazwa='1B'));
INSERT INTO NauczycielKlasa (PESELNauczyciela, IDKlasy) VALUES ('73122063633', (SELECT IDKlasy FROM Klasa WHERE Nazwa='1C'));
INSERT INTO NauczycielKlasa (PESELNauczyciela, IDKlasy) VALUES ('84120574524', (SELECT IDKlasy FROM Klasa WHERE Nazwa='2A'));
INSERT INTO NauczycielKlasa (PESELNauczyciela, IDKlasy) VALUES ('51040496519', (SELECT IDKlasy FROM Klasa WHERE Nazwa='2B'));
INSERT INTO NauczycielKlasa (PESELNauczyciela, IDKlasy) VALUES ('55081830880', (SELECT IDKlasy FROM Klasa WHERE Nazwa='2C'));
INSERT INTO NauczycielKlasa (PESELNauczyciela, IDKlasy) VALUES ('11102345722', (SELECT IDKlasy FROM Klasa WHERE Nazwa='3A'));
INSERT INTO NauczycielKlasa (PESELNauczyciela, IDKlasy) VALUES ('68311265839', (SELECT IDKlasy FROM Klasa WHERE Nazwa='3B'));
INSERT INTO NauczycielKlasa (PESELNauczyciela, IDKlasy) VALUES ('75233022958', (SELECT IDKlasy FROM Klasa WHERE Nazwa='3C'));
INSERT INTO NauczycielKlasa (PESELNauczyciela, IDKlasy) VALUES ('48291384708', (SELECT IDKlasy FROM Klasa WHERE Nazwa='1A'));
INSERT INTO NauczycielKlasa (PESELNauczyciela, IDKlasy) VALUES ('76121045136', (SELECT IDKlasy FROM Klasa WHERE Nazwa='1B'));
INSERT INTO NauczycielKlasa (PESELNauczyciela, IDKlasy) VALUES ('34040140633', (SELECT IDKlasy FROM Klasa WHERE Nazwa='1C'));
INSERT INTO NauczycielKlasa (PESELNauczyciela, IDKlasy) VALUES ('15291823126', (SELECT IDKlasy FROM Klasa WHERE Nazwa='2A'));
INSERT INTO NauczycielKlasa (PESELNauczyciela, IDKlasy) VALUES ('76280271654', (SELECT IDKlasy FROM Klasa WHERE Nazwa='2B'));
INSERT INTO NauczycielKlasa (PESELNauczyciela, IDKlasy) VALUES ('77090665242', (SELECT IDKlasy FROM Klasa WHERE Nazwa='2C'));
INSERT INTO NauczycielKlasa (PESELNauczyciela, IDKlasy) VALUES ('55062818070', (SELECT IDKlasy FROM Klasa WHERE Nazwa='3A'));
INSERT INTO NauczycielKlasa (PESELNauczyciela, IDKlasy) VALUES ('81272592226', (SELECT IDKlasy FROM Klasa WHERE Nazwa='3B'));
INSERT INTO NauczycielKlasa (PESELNauczyciela, IDKlasy) VALUES ('62061792162', (SELECT IDKlasy FROM Klasa WHERE Nazwa='3C'));
INSERT INTO NauczycielKlasa (PESELNauczyciela, IDKlasy) VALUES ('13024327139', (SELECT IDKlasy FROM Klasa WHERE Nazwa='1A'));
INSERT INTO NauczycielKlasa (PESELNauczyciela, IDKlasy) VALUES ('79110527459', (SELECT IDKlasy FROM Klasa WHERE Nazwa='1B'));
INSERT INTO NauczycielKlasa (PESELNauczyciela, IDKlasy) VALUES ('25031489464', (SELECT IDKlasy FROM Klasa WHERE Nazwa='1C'));
